{
  "project_info": {
    "project_number": "379687893059",
    "firebase_url": "https://aarogyasetu-7f599.firebaseio.com",
    "project_id": "aarogyasetu-7f599",
    "storage_bucket": "aarogyasetu-7f599.appspot.com"
  },
  "client": [
    {
      "client_info": {
        "mobilesdk_app_id": "1:379687893059:android:699c09f983be491c8abcf6",
        "android_client_info": {
          "package_name": "nic.goi.aarogyasetu.debug"
        }
      },
      "oauth_client": [
        {
          "client_id": "379687893059-in1882ith9o4n455m6fd35rqgaet33a7.apps.googleusercontent.com",
          "client_type": 3
        }
      ],
      "api_key": [
        {
          "current_key": "AIzaSyDZMLp06Ox0MjhWx74cKDwnHqW7vMNtndo"
        }
      ],
      "services": {
        "appinvite_service": {
          "other_platform_oauth_client": [
            {
              "client_id": "379687893059-in1882ith9o4n455m6fd35rqgaet33a7.apps.googleusercontent.com",
              "client_type": 3
            }
          ]
        }
      }
    }
  ],
  "configuration_version": "1"
}